company,title,track,source,url,remote_verified,comp_type,salary,status,date_found,date_applied,notes
Not disclosed (Virtual Vocations),P&C Licensed Personal Lines Manager,insurance,Virtual Vocations,https://www.virtualvocations.com/job/pc-licensed-personal-lines-manager-3245543-i.html,yes,W2,unknown,New,2026-09-16,,"Strong match - Applied Epic required, but posting wants 3+ yrs (has ~1)"
TTEC,Remote Licensed Healthcare Insurance Agent,insurance,WebSearch,,caution,W2,unknown,New,2026-09-16,,Verify multi-state licensing sponsorship with recruiter
Concentrix,Licensed Health Insurance Rep (Bilingual),insurance,WebSearch,,caution,W2,$21-23/hr (~$44-48k),New,2026-09-16,,Near salary floor; verify multi-state licensing
SambaSafety,Senior Business Intelligence Analyst,analyst,Built In,,yes,W2,$100k-$110k,New,2026-09-16,,Long shot - senior title
SambaSafety,Senior Business Intelligence Engineer AI-Driven Analytics,analyst,Built In,,yes,W2,$100k-$130k,New,2026-09-16,,Long shot - senior title
Aperia,Power BI & Power Apps Developer,analyst,Built In,,yes,unknown,unknown,New,2026-09-16,,Possible match - mid level
Xperteez Technology,Business Intelligence & Analytics Expert,analyst,Built In,,yes,contract,unknown,New,2026-09-16,,Possible match - confirm contract pay structure
Cooperdyne Tech,Power BI Developer,analyst,Built In,,yes,unknown,unknown,New,2026-09-16,,Long shot - senior title
Fractal,BI Analyst,analyst,Built In,,yes,unknown,$180k-$190k,New,2026-09-16,,"Flagged - pay band looks like a listing error for ""entry level"""
Allstate,Licensed Insurance Sales Representative (Remote/Home-Based),insurance,WebSearch,https://www.insurancejournal.com/jobs/869047-licensed-insurance-sales-representative-remote-home-based,yes,unknown,unknown,New,2026-09-17,,Strong match
Trucordia,Licensed Insurance Sales Representative,insurance,WebSearch,https://remotive.com/remote/jobs/sales/licensed-insurance-sales-representative-5717289,yes,unknown,$49k-$53k,New,2026-09-17,,Strong match
Builders Edge Insurance Services,Part-Time Remote P&C Account Manager,insurance,WebSearch,https://www.insurancejournal.com/jobs/885069-part-time-remote-pc-account-manager-agency-operations,yes,unknown,"$28-35/hr, part-time",New,2026-09-17,,Possible match
PCF Insurance Services of the West,Licensed Personal Lines Client Manager,insurance,WebSearch,https://www.jobleads.com/us/job/remote-licensed-personal-lines-client-manager--united-states--e94317eeb7f707a266fd93d983d0a2ac3,yes,unknown,unknown,New,2026-09-17,,Possible match
Anchor Line Insurance,Licensed Insurance Sales Producer (Remote),insurance,WebSearch,https://www.linkedin.com/jobs/view/licensed-insurance-sales-producer-remote-at-anchor-line-insurance-4449964814,yes,unknown,unknown,New,2026-09-17,,Possible match - surfaced via WebSearch index
iHireInsurance listing 1,Private Client Group (Personal Lines),insurance,WebSearch,https://www.ihireinsurance.com/jobs/view/499601027,caution,unknown,unknown,New,2026-09-17,,Possible match - URL recovered 2026-09-20 via title re-match
iHireInsurance listing 2,Personal Lines Account Manager,insurance,WebSearch,unrecovered,caution,unknown,unknown,New,2026-09-17,,"Possible match - URL lost, session push failed"
iHireInsurance listing 3,Personal Lines Service Account Manager,insurance,WebSearch,https://www.ihireinsurance.com/jobs/view/499601340,caution,unknown,unknown,New,2026-09-17,,Possible match - URL recovered 2026-09-20 via title re-match
Alera Group,Personal Lines Property and Casualty Account Manager (Needham MA-tagged),insurance,WebSearch,https://www.ihireinsurance.com/jobs/view/502564462,caution,unknown,unknown,New,2026-09-17,,Possible match - URL and company recovered 2026-09-20 via title re-match; residency verification still needed
Cooper Group LLC,Licensed Life Insurance Producer (Las Vegas NV-tagged),insurance,WebSearch,https://www.linkedin.com/jobs/view/licensed-life-insurance-producer-remote-at-the-cooper-group-llc-4451615092,caution,unknown,unknown,New,2026-09-17,,Long shot - URL and title recovered 2026-09-20 via company+location re-match; life insurance not P&C personal lines
Insurance Office of America,Commercial lines role,insurance,WebSearch,unrecovered,no,unknown,unknown,New,2026-09-17,,"Long shot - commercial not personal lines, URL lost"
NFP,Affluent Personal Lines Account Executive (Northeast: hybrid or remote),insurance,WebSearch,https://careers.nfp.com/job/21578089/affluent-personal-lines-account-executive-northeast-hybrid-or-remote-plainview-ny/,caution,unknown,unknown,New,2026-09-17,,"Long shot - URL and title recovered 2026-09-21 via company+region re-match; posting title itself says hybrid or remote, verify true remote eligibility"
Symetra Financial,Associate EDX Analyst (Remote),analyst,WebSearch,https://www.dice.com/job-detail/554f59a2-401c-45c6-b29e-c1126cb5341e,yes,unknown,unknown,New,2026-09-17,,Possible match - entry-level framing
Jobot,"Tableau Analyst, 100% Remote",analyst,WebSearch,https://jobot.com/details/tableau-analyst-100-remote/dfb2906f01,yes,unknown,unknown,New,2026-09-17,,Possible match
Symetra Financial,Data Analyst (Remote),analyst,WebSearch,https://www.dataanalyst.com/job/data-analyst-d5fdd,yes,unknown,$75300-$125600,New,2026-09-17,,Long shot - wants 3-5 yrs experience
XTGlobal,"Sr. Reporting Analyst (Tableau), 100% Remote",analyst,WebSearch,https://www.dice.com/job-detail/8f4c50d6-e6cc-40ab-980d-b81db1fc96f2,yes,unknown,unknown,New,2026-09-17,,Long shot
Foundever,Remote P&C & Personal Lines Licensed Insurance Agent,insurance,WebSearch,https://jobs.foundever.com/job/Remote-Remote-P&C-&-Personal-Lines-Licensed-Insurance-Agent-Any/1331473900/,yes,W2,unknown,New,2026-09-20,,Strong match - inbound calls only no cold calling 6mo-2yr exp preferred
Nationwide Mutual Insurance,"National Sales Agent, Direct Distribution - Personal Lines",insurance,WebSearch,https://workopia.io/jobs/b47bb1d9d039e67130e00379a8f2e81e,yes,W2,unknown,New,2026-09-20,,Strong match - fully remote no state tag 10-week paid training starts Nov 2026
Liberty Mutual,Remote Licensed Customer Service Representative (P&C),insurance,WebSearch,https://ratracerebellion.com/remote-licensed-customer-service-representative-liberty-mutual/,yes,W2,$42k-$76k,New,2026-09-20,,Possible match - servicing/retention not producer role but P&C licensed queue
OneDigital,"Personal Lines Account Manager, P&C - Remote",insurance,WebSearch,https://builtin.com/job/personal-lines-account-manager-p-c-remote/7772752,yes,unknown,unknown,New,2026-09-20,,Possible match - verify employer name on full posting - employer name recovered 2026-09-22 via re-surfaced identical URL
National General (Allstate),Licensed Inside Sales Representative (Remote/Home-Based),insurance,WebSearch,https://www.themuse.com/jobs/allstate/licensed-inside-sales-representative-remote-home-based-work-national-general-150b1c,caution,W2,unknown,New,2026-09-20,,Possible match - PA-tagged posting but Allstate/National General typically sponsors multi-state licensing
Randstad (staffing),Licensed Personal Lines Agent - Remote,insurance,WebSearch,https://www.randstadusa.com/jobs/308/ab_4911236/licensed-personal-lines-agent-remote_king-of-prussia/,caution,contract,unknown,New,2026-09-20,,Possible match - King of Prussia PA-tagged staffing placement verify residency and contract terms
Leavitt Group,Personal Lines Account Manager (Cedar City UT-tagged),insurance,WebSearch,https://builtin.com/job/personal-lines-account-manager/10322956,caution,unknown,unknown,New,2026-09-20,,Long shot - verify residency requirement given UT tag
Alera Group,Personal Lines Account Manager (Nashville TN-tagged),insurance,WebSearch,https://www.ihireinsurance.com/jobs/view/462262287,caution,unknown,unknown,New,2026-09-20,,Long shot - verify whether TN tag is residency requirement or just employer HQ
Beach Financial Group,Personal Lines Account Executive,insurance,WebSearch,https://www.beachfinancialgroup.com/careers/personal-lines-account-executive/,caution,unknown,unknown,New,2026-09-20,,"Long shot - wants 3+ yrs exp vs candidate's ~1, remote scope not explicit in posting, high-net-worth book"
Remote.com,Junior Data Analyst,analyst,WebSearch,https://boards.greenhouse.io/remotecom/jobs/5559613003,yes,W2,unknown,New,2026-09-20,,Strong match - explicitly fully remote no relocation required 1-2 yrs exp
Upgrade,Junior Business & Data Analyst,analyst,WebSearch,https://himalayas.app/companies/upgrade/jobs/junior-business-data-analyst,yes,unknown,unknown,New,2026-09-20,,Strong match - junior title BI reporting and SQL match
Syndigo,Junior Data Analyst - Remote,analyst,WebSearch,https://job-boards.greenhouse.io/syndigo/jobs/5480600004,yes,unknown,unknown,New,2026-09-20,,Possible match
FiscalNote,Junior Data Analyst,analyst,WebSearch,https://jobs.lever.co/fiscalnote/cc71f61d-09c8-4e07-8f35-65c07f7e529b,yes,unknown,unknown,New,2026-09-20,,Possible match
BlueLabs,Data Analyst I,analyst,WebSearch,https://job-boards.greenhouse.io/bluelabsanalyticsinc/jobs/5106857007,caution,unknown,unknown,New,2026-09-20,,"Possible match - posting says ""DC or Remote"", confirm fully-remote eligibility"
Aledade,"Business Intelligence (BI) Analyst II, Remote",analyst,WebSearch,https://remote.com/jobs/aledade-c11fg46i/business-intelligence-bi-analyst-ii-remote-j1d5ywo6,yes,W2,unknown,New,2026-09-20,,Possible match - remote from anywhere in US but Analyst II may want more years than candidate has
Remote (company name),"BI Analyst, SDR Programs",analyst,WebSearch,https://outerjoin.us/remote-jobs/bi-analyst-sdr-programs-at-remote,yes,unknown,unknown,New,2026-09-20,,Possible match - wants 2+ yrs BI/sales-ops and Salesforce reporting not on resume
cBEYONData,Junior Data Analyst (federal SAP S/4HANA project),analyst,WebSearch,https://job-boards.greenhouse.io/cbeyondata/jobs/5393293004,yes,unknown,unknown,New,2026-09-20,,Long shot - federal contract work likely requires US citizenship/public trust clearance verify before applying
Ironside Insurance Group,Personal Lines Account Manager - Fully Remote,insurance,WebSearch,https://builtin.com/job/personal-lines-account-manager-fully-remote/6369574,yes,unknown,unknown,New,2026-09-21,,"Strong match - explicitly lists FL among eligible remote states (MA/NH/CT/RI/PA/NC/FL), matches candidate domicile"
Jobgether,Personal Lines Account Manager,insurance,WebSearch,https://remotive.com/remote/jobs/sales-business/personal-lines-account-manager-4034368,yes,unknown,unknown,New,2026-09-21,,"Strong match - fully remote across US, active P&C license required"
Acrisure,REMOTE Insurance Personal Lines Account Manager (West Platform),insurance,WebSearch,https://builtin.com/job/remote-insurance-personal-lines-account-manager-west-platform/3109912,caution,unknown,unknown,New,2026-09-21,,"Possible match - scoped to Pacific time zone remote, verify eligibility from Eastern time"
EPIC Insurance Brokers & Consultants,Personal Lines Insurance Coordinator,insurance,WebSearch,https://builtin.com/job/personal-lines-insurance-coordinator/9140585,yes,unknown,unknown,New,2026-09-21,,Possible match - open to fully remote anywhere in US but coordinator/admin level not producer or AM
HUB International,Personal Lines Insurance Solutions Specialist,insurance,WebSearch,https://builtin.com/job/personal-lines-insurance-solutions-specialist/4549044,caution,unknown,$65k-$78k,New,2026-09-21,,"Possible match - salary well above floor but posting listed in Alaska, verify remote eligibility outside AK"
Misch Group,Personal Lines Account Manager,insurance,WebSearch,https://builtin.com/job/personal-lines-account-manager/10352771,caution,unknown,unknown,New,2026-09-21,,"Possible match - NC-tagged remote, verify residency requirement"
Signers National,Personal Lines Account Manager,insurance,WebSearch,https://remotive.com/remote/jobs/sales-business/personal-lines-account-manager-4492242,caution,unknown,unknown,New,2026-09-21,,"Possible match - active P&C license required, verify remote scope and non-resident licensing support"
Keystone Agency Partners LLC,Personal Lines Support Account Manager,insurance,WebSearch,https://remotive.com/remote/jobs/sales-business/personal-lines-support-account-manager-4274316,yes,unknown,unknown,New,2026-09-21,,Possible match - homeowners/auto/umbrella/HNW scope matches candidate background
Risk Strategies,Personal Lines Account Manager,insurance,WebSearch,https://builtin.com/job/personal-lines-account-manager/10184967,caution,unknown,unknown,New,2026-09-21,,"Long shot - Green Bay WI-tagged, verify residency requirement"
Virtual Vocations,Personal Lines Account Coordinator,insurance,WebSearch,https://www.virtualvocations.com/job/personal-lines-account-coordinator-3231835-i.html,yes,unknown,unknown,New,2026-09-21,,"Long shot - coordinator/admin level, below target producer/AM title"
Patriot Growth Insurance Services,Personal Lines Account Manager,insurance,WebSearch,https://remotive.com/remote/jobs/account-management/personal-lines-account-manager-5305517,caution,unknown,$55k-$75k,New,2026-09-21,,"Long shot - requires active Pennsylvania P&C license, candidate holds only Texas; would need non-resident PA licensing, verify employer sponsors"
Toptal,Business Intelligence Analyst,analyst,WebSearch,https://outerjoin.us/remote-jobs/business-intelligence-analyst-at-toptal,yes,1099,unknown,New,2026-09-21,,Possible match - generalist BI request queue (queries/metrics/dashboards) matches background; freelance talent network so likely 1099 engagement
Rad Power Bikes,Business Intelligence Analyst,analyst,WebSearch,https://outerjoin.us/remote-jobs/business-intelligence-analyst-at-rad-power-bikes,yes,unknown,unknown,New,2026-09-21,,Possible match - data oversight and stakeholder-facing BI support
Quest Analytics,Data Analyst,analyst,WebSearch,https://outerjoin.us/remote-jobs/data-analyst-3-at-quest-analytics,yes,unknown,unknown,New,2026-09-21,,"Possible match - healthcare network-adequacy reporting, new domain but SQL/reporting skills transfer"
Accylerate,Junior Data Analyst - NO C2C,analyst,WebSearch,https://www.dice.com/job-detail/0fbc0088-b2aa-4dc7-b818-73612b574aba,yes,contract,$50-$55/hr (6-month contract-to-hire),New,2026-09-21,,"Possible match - EdTech reporting-operations role, W2 contract-to-hire"
Recurly,Business Data Analyst,analyst,WebSearch,https://outerjoin.us/remote-jobs/business-data-analyst-at-recurly,yes,unknown,unknown,New,2026-09-21,,"Long shot - posting wants an experienced dimensional data modeler, likely more years than candidate has"
AdientOne LLC,Junior Data Analyst,analyst,WebSearch,https://www.dice.com/job-detail/76554890-f46c-44e7-a2ee-405fa1ab005e,unknown,unknown,unknown,New,2026-09-21,,"Long shot - limited posting detail available, verify remote status and salary before applying"
Saillent,Junior Data Analyst,analyst,WebSearch,https://wellfound.com/jobs/3275734-junior-data-analyst,yes,contract,unknown,New,2026-09-21,,"Long shot - remote-first but contract/project-based engagement, Canada-HQ'd company, pay not disclosed"
Dhalite Inc,Junior Level Data Analyst,analyst,WebSearch,https://www.dice.com/job-detail/570991f7-1d1a-4623-8219-a54a827f9674,caution,unknown,unknown,New,2026-09-21,,"Long shot - posting tagged ""Remote in Reston, VA"", verify true nationwide remote eligibility"
Hilb Group,Personal Lines Account Manager,insurance,WebSearch,https://remotive.com/remote/jobs/sales-business/personal-lines-account-manager-3872504,unknown,unknown,$60k-$68k,New,2026-09-22,,"Possible match - primary contact for assigned book matches BrokerLink scope, salary above floor, verify eligible remote states"
Keystone Agency Partners LLC,Personal Lines Account Manager (full AM req),insurance,WebSearch,https://remotive.com/remote/jobs/account-management/personal-lines-account-manager-4765226,unknown,unknown,unknown,New,2026-09-22,,Possible match - separate full AM requisition from the Support AM role already in pipeline
InsuranceJobs.com,Inside Sales Personal Lines Insurance Producer,insurance,WebSearch,https://jobs.insurancejobs.com/job/inside-sales-personal-lines-insurance-producer/59101950/,unknown,unknown,unknown,New,2026-09-22,,Possible match - direct producer title match on dedicated insurance board
Trucordia,Personal Lines Accounts Manager,insurance,WebSearch,https://builtin.com/job/personal-lines-accounts-manager/9156964,caution,unknown,unknown,New,2026-09-22,,"Possible match - Olympia WA-tagged, verify remote eligibility outside WA"
Trucordia,Client Manager - Personal Lines,insurance,WebSearch,https://builtin.com/job/client-manager-personal-lines/10069299,unknown,unknown,unknown,New,2026-09-22,,Possible match - client-facing account management matches BrokerLink experience
Robertson Ryan Insurance,Account Manager,insurance,WebSearch,https://remotive.com/remote/jobs/sales-business/account-manager-3087699,unknown,unknown,unknown,New,2026-09-22,,"Possible match - surfaced under personal lines search string but generic title, confirm line of business"
The Richards Group,Senior Account Manager - Personal Lines,insurance,WebSearch,https://builtin.com/job/senior-account-manager-personal-lines/6583105,unknown,unknown,unknown,New,2026-09-22,,Long shot - Senior title likely wants more years than candidate has
Sedgwick,Experienced Licensed Auto Insurance Agent - REMOTE/TELECOMMUTER,insurance,WebSearch,https://www.ihireinsurance.com/jobs/view/501377094,caution,unknown,unknown,New,2026-09-22,,"Long shot - Seattle WA-tagged, ""experienced"" title may want more years, verify remote eligibility outside WA"
Allstate,Licensed Insurance Sales Representative (Remote / Home-Based),insurance,WebSearch,https://www.insurancejournal.com/jobs/867161-licensed-insurance-sales-representative-remote-home-based,unknown,unknown,unknown,New,2026-09-22,,"Long shot - recurring per-location Allstate req, quota/dialer call-center model not book management, verify base vs commission split"
Acrisure,Personal Insurance Account Manager (New England Platform),insurance,WebSearch,https://builtin.com/job/remote-personal-insurance-account-manager-new-england-platform/3264470,caution,unknown,unknown,New,2026-09-22,,"Long shot - platform-scoped remote likely Eastern timezone, same pattern as West Platform role already in pipeline"
Acrisure,"Account Manager, Personal Lines (Remote)(Northwest Platform)",insurance,WebSearch,https://builtin.com/job/account-manager-personal-lines-remotenorthwest-platform/3218690,caution,unknown,unknown,New,2026-09-22,,"Long shot - platform-scoped remote likely Pacific timezone, verify eligibility from Eastern time"
Antenna,Junior Data Analyst,analyst,WebSearch,https://himalayas.app/companies/antenna/jobs/junior-data-analyst,yes,unknown,unknown,New,2026-09-22,,Strong match - stakeholder data delivery and custom visualizations matches Baylis Medical dashboard work
Opportun,Reporting Analyst,analyst,WebSearch,https://outerjoin.us/remote-jobs/reporting-analyst-1-at-opportun,yes,unknown,unknown,New,2026-09-22,,"Strong match - exact title match, report design through stakeholder communication matches Baylis Medical BI scope"
Hypersonix,Junior Data Analyst,analyst,WebSearch,https://himalayas.app/companies/hypersonix/jobs/junior-data-analyst-4780726669,yes,unknown,unknown,New,2026-09-22,,Possible match - dashboards and data warehouse work matches Baylis Medical and Octadyne SQL background
Pure Integration,Junior Data Analyst,analyst,WebSearch,https://himalayas.app/companies/pure-integration/jobs/junior-data-analyst,yes,unknown,unknown,New,2026-09-22,,Possible match - data validation/QA focus matches BrokerLink regulated-data accuracy standards
We Are Rosie,Report Development Analyst,analyst,WebSearch,https://outerjoin.us/remote-jobs/report-development-analyst-at-we-are-rosie,yes,unknown,unknown,New,2026-09-22,,Possible match - dataset creation and BI report building matches automated reporting pipelines at Baylis Medical
Infinite Computer Solutions (ICS),BI Data Analyst,analyst,WebSearch,https://www.dice.com/job-detail/fbbdf9f8-f5e2-48a4-b907-968094d15104,unknown,unknown,unknown,New,2026-09-22,,"Possible match - entry-level BI title match, IT staffing firm posting confirm client and remote scope"
Jobgether,Entry Level Data Analyst - REMOTE,analyst,WebSearch,https://jobs.lever.co/jobgether/1d6296e3-5e1b-4446-8bf9-45f0c820a98e,unknown,unknown,unknown,New,2026-09-22,,"Possible match - entry-level title match, AI-matching intermediary listing so end employer unnamed"
Dhalite Inc,Entry Level Business Data Analyst,analyst,WebSearch,https://www.dice.com/job-detail/d0eaa85d-24dc-4b30-b959-01bcbb35c1d5,unknown,unknown,unknown,New,2026-09-22,,"Possible match - different req ID than existing Dhalite Long Shot row, Excel/SQL/Power BI toolset match, verify remote scope"
Calibrate,Junior Data Analyst,analyst,WebSearch,https://himalayas.app/companies/calibrate/jobs/junior-data-analyst,unknown,unknown,unknown,New,2026-09-22,,Long shot - healthcare/consumer-health domain a step removed from generalist BI
Hire Hangar,Junior Data Analyst,analyst,WebSearch,https://himalayas.app/companies/hire-hangar/jobs/junior-data-analyst-9558846353,unknown,unknown,unknown,New,2026-09-22,,"Long shot - limited posting detail, staffing/recruiting-style listing, verify end employer and comp"
Stefanini,Business Data Analyst I,analyst,WebSearch,https://www.dice.com/job-detail/3c71f95d-0e13-4a8e-8b43-c7237873ef20,caution,unknown,unknown,New,2026-09-22,,"Long shot - IT staffing firm posting lists ""various U.S. locations with remote/hybrid options"", confirm fully-remote placement"
Radiance Technologies Inc,Junior Data Analyst,analyst,WebSearch,https://himalayas.app/companies/radiance-technologies-inc/jobs/junior-data-analyst,unknown,unknown,unknown,New,2026-09-22,,"Long shot - supports federal CBP platform, likely requires US citizenship or public trust clearance, verify before applying"
CONNECT (American Family Insurance),Licensed Inside Sales Representative - P&C (Remote),insurance,WebSearch,https://weworkremotely.com/remote-jobs/connect-powered-by-american-family-insurance-licensed-inside-sales-representative-p-c-remote,yes,W2,"$25/hr base (~$52k/yr) + uncapped bonus",New,2026-09-23,,Strong match - warm-lead P&C quoting and binding nationwide remote
Foundever,P&C & Personal Lines Licensed Agent (2nd req - FL eligible),insurance,WebSearch,https://jobs.foundever.com/job/Remote-P&C-&-Personal-Lines-Licensed-Agent-Any/1273541600/,yes,W2,unknown,New,2026-09-23,,"Strong match - eligible-state list explicitly includes FL matching domicile; verify pay, sibling req paid $18-19/hr"
Assurance IQ (Prudential),Independent Licensed Property & Casualty (P&C) Agents,insurance,WebSearch,https://www.themuse.com/jobs/assurance/independent-licensed-property-casualty-pc-agents-45108a,unknown,1099,"commission-only, no base stated",New,2026-09-23,,Possible match - market-research-endorsed employer providing free in-market shoppers not a pay-to-play scheme
Leavitt Group,Personal Lines Risk Advisor,insurance,WebSearch,https://builtin.com/job/personal-lines-risk-advisor/8408357,unknown,unknown,unknown,New,2026-09-23,,"Possible match - needs-based coverage review focus, separate req from existing Cedar City UT Leavitt Group listing, verify remote scope"
Teleperformance,Property & Casualty Licensed Insurance Sales Representative (Remote),insurance,WebSearch,https://remotive.com/remote/jobs/sales/property-casualty-licensed-insurance-sales-representative-4832155,caution,W2,unknown,New,2026-09-23,,"Possible match - requires 'active resident Producer P&C License', verify against open TX resident/non-resident licensing question before applying"
Not disclosed (Virtual Vocations),Licensed Personal Lines Producer,insurance,WebSearch,https://www.virtualvocations.com/job/licensed-personal-lines-producer-2922400-i.html,unknown,unknown,unknown,New,2026-09-23,,Long shot - full description paywalled verify comp and remote scope
Not disclosed (Virtual Vocations),State Licensed Personal Lines Producer,insurance,WebSearch,https://www.virtualvocations.com/job/state-licensed-personal-lines-producer-2921874-i.html,unknown,unknown,unknown,New,2026-09-23,,"Long shot - ""State Licensed"" title plus paywalled description, verify which state license required"
Experian,Data & Analytics Xcelerator Program (Entry Level Data Analytics),analyst,WebSearch,https://jobs.experian.com/job/data-and-analytics-xcelerator-program-entry-level-data-analytics-remote-in-united-states-jid-3270,yes,W2,unknown,New,2026-09-23,,Strong match - explicitly entry-level program at large stable employer
RainFocus,Business Intelligence Analyst (Remote),analyst,WebSearch,https://builtin.com/job/business-intelligence-analyst-remote/7991031,yes,unknown,"$75k-$90k (est.)",New,2026-09-23,,"Strong match - SQL-driven dashboards, nationwide remote, note 10-15% travel to client events"
Experian,Data Analyst (Remote),analyst,WebSearch,https://jobs.experian.com/job/data-analyst-remote-in-united-states-jid-3203,yes,unknown,unknown,New,2026-09-23,,Possible match - project-driven scope likely wants more than entry-level apply to Xcelerator posting first
Medical Review Institute of America,Business Intelligence Analyst (Remote),analyst,WebSearch,https://builtin.com/job/business-intelligence-analyst-remote/10630511,yes,unknown,unknown,New,2026-09-23,,Possible match - KPI/financial-reporting focus prefers finance/PE/VC background adjacent not exact match
Drata,Business Intelligence Analyst (Remote),analyst,WebSearch,https://builtin.com/job/business-intelligence-analyst-remote/7099640,yes,unknown,unknown,New,2026-09-23,,Long shot - level unconfirmed fast-growing GRC SaaS company likely competitive bar
CrowdStrike,Business Intelligence Analyst (Enterprise Data Warehouse Remote),analyst,WebSearch,https://builtin.com/job/business-intelligence-analyst-remote/2799518,yes,unknown,unknown,New,2026-09-23,,Long shot - large competitive employer enterprise data warehouse scope likely wants more experience
Radian,Business Intelligence Analyst II (100% Remote),analyst,WebSearch,https://builtin.com/job/business-intelligence-analyst-ii-100-remote/4240218,yes,unknown,unknown,New,2026-09-23,,Long shot - II title likely wants more years of experience
Quanata LLC,Data Analyst [Remote-US],analyst,WebSearch,https://job-boards.greenhouse.io/quanata/jobs/5706290004,yes,unknown,"$120k-$170k",New,2026-09-23,,Long shot - pay band signals senior scope well above entry-level
Aon Corporation,Personal Lines Account Executive,insurance,WebSearch,https://jobs.aon.com/jobs/90573?lang=en-us,yes,unknown,unknown,New,2026-09-24,,"Strong match - Virtual Florida explicitly matches domicile, verify requisition still active given older last-updated metadata"
Allstate,Licensed Insurance Sales Representative (Remote/Home-Based) (Orlando FL-tagged),insurance,WebSearch,https://jobs.insurancejobs.com/job/licensed-insurance-sales-representative-remote-home-based/84289226/,yes,unknown,unknown,New,2026-09-24,,"Strong match - FL tag matches domicile, same recurring Allstate call-center req pattern as other state-tagged listings in pipeline"
Foundation Risk Partners,Personal Lines Account Manager (New York Metro specialty),insurance,WebSearch,https://remotive.com/remote/jobs/sales-business/personal-lines-account-manager-1464984,caution,unknown,"$90,000-$125,000",New,2026-09-24,,"Possible match - salary well above floor, scoped to NY Metro region specialty partner, verify true nationwide remote eligibility"
Aon Corporation,Private Client Account Executive-Personal Lines,insurance,WebSearch,https://jobs.aon.com/jobs/96310?lang=en-us,caution,unknown,unknown,New,2026-09-24,,"Possible match - Virtual New York tagged, verify remote eligibility outside NY"
Pearson,Software Data Analyst,analyst,WebSearch,https://outerjoin.us/remote-jobs/software-data-analyst-at-pearson,yes,unknown,unknown,New,2026-09-24,,Strong match - entry-level fully remote team distributed across US time zones
Kani Solutions,Entry-Level Data Analyst (Remote W2),analyst,WebSearch,https://www.dice.com/job-detail/fc9b37e6-f064-4567-8655-6482dbfe3d29,yes,W2,"$80,000-$90,000",New,2026-09-24,,"Strong match - explicitly entry-level bar, staffing firm confirm end client before applying"
Mob Entertainment,Junior Data Analyst,analyst,WebSearch,https://job-boards.greenhouse.io/mobentertainment/jobs/5040035007,yes,unknown,unknown,New,2026-09-24,,Possible match - player behavior and game performance analytics gaming industry new domain but skills transfer
General Motors,Entry Level Data Analyst,analyst,WebSearch,https://outerjoin.us/remote-jobs/entry-level-data-analyst-at-general-motors,caution,unknown,"$49,000-$81,000 (typical entry range)",New,2026-09-24,,"Possible match - primary locations Warren/Detroit MI, posting says some roles will consider remote, verify"
MetaSense Inc,Junior Data Analyst,analyst,WebSearch,https://www.dice.com/job-detail/386bfe65-05b2-4094-aa8c-ca6c1e055c4c,unknown,unknown,unknown,New,2026-09-24,,"Possible match - IT staffing firm posting, limited detail, verify end client and remote scope"
Catawiki,Junior Data Analyst,analyst,WebSearch,https://wellfound.com/jobs/3802537-junior-data-analyst,caution,unknown,unknown,New,2026-09-24,,"Possible match - Netherlands-HQ'd marketplace, verify US remote eligibility for this req"
Xapo Bank,Data Analyst (Remote - Work from Anywhere),analyst,WebSearch,https://job-boards.greenhouse.io/xapo61/jobs/7616977003,yes,unknown,unknown,New,2026-09-24,,"Long shot - wants an experienced analyst with GCP/BigQuery skills, digital-asset bank"
Ookla,Business Intelligence Analyst (US),analyst,WebSearch,https://outerjoin.us/remote-jobs/business-intelligence-analyst-us-at-ookla,unknown,unknown,unknown,New,2026-09-24,,Long shot - wants 3-4 years experience though open to non-traditional backgrounds
Disney,Data Analyst,analyst,WebSearch,https://outerjoin.us/remote-jobs/data-analyst-at-disney,unknown,unknown,"$87,900-$137,300",New,2026-09-24,,Long shot - pay band signals more senior seat than currently held
Insurance Office of America,Remote Personal Lines Account Manager (Florida),insurance,WebSearch,https://www.jobleads.com/us/job/remote-personal-lines-account-manager-florida--fort-lauderdale--ed6250afa978177529a997f8df500d425,yes,unknown,"$50,000-$60,000",New,2026-09-25,,"Strong match - Fort Lauderdale FL matches domicile, sidesteps TX residency question; wants 5+ yrs vs ~1 held"
Priority Risk Management,Personal Lines Insurance Agent,insurance,WebSearch,https://remotive.com/remote/jobs/sales-business/personal-lines-insurance-agent-2825657,yes,unknown,"$42,000-$80,000",New,2026-09-25,,"Strong match - direct producer title, book growth and retention scope matches BrokerLink"
Matic,Licensed Insurance Agent (Remote),insurance,WebSearch,https://remotive.com/remote/jobs/sales-business/licensed-insurance-agent-3878586,yes,W2,"$19.23-$20.19/hr base (~$40k-42k) + bonus up to $9500/mo + stock",New,2026-09-25,,Possible match - base near/below floor but bonus and benefits likely push total comp above; verify bonus attainment
Mercury Insurance,"Remote Personal Lines Underwriter, Risk & Pricing",insurance,WebSearch,https://www.jobleads.com/us/job/remote-personal-lines-underwriter-risk-pricing--united-states--e41e9ca112f35dafb11ec57ece31426d6,yes,unknown,unknown,New,2026-09-25,,"Possible match - only 6mo experience required, functional pivot from producer to underwriter"
PCF Insurance Services of the West,Remote P&C Client Manager - Renewal & Carrier Rel.,insurance,WebSearch,https://www.jobleads.com/us/job/remote-p-c-client-manager-renewal-carrier-rel--united-states--e39fa96a27cdb6ec53aaa7f6b2e40bebe,yes,unknown,unknown,New,2026-09-25,,"Possible match - 1-2 yrs exp matches tenure, separate req from existing PCF Client Manager listing in pipeline"
Suncoast Credit Union,Personal Lines Insurance Consultant,insurance,WebSearch,https://remotive.com/remote/jobs/sales-business/personal-lines-insurance-consultant-3814383,caution,unknown,"$41,000-$59,000",New,2026-09-25,,"Possible match - FL license/domicile match, but employer careers page lists Tampa FL office with no explicit remote tag, verify remote vs onsite"
Anywhere Insurance Agency (Anywhere Real Estate),"Representative Account Executive, Property and Casualty - US Based Remote",insurance,WebSearch,https://www.jobleads.com/us/job/representative-account-executive-property-and-casualty-us-based-remote--united-states--ea17b40c99390443a9ed6955f2038895a,yes,unknown,unknown,New,2026-09-25,,"Possible match - outbound call-center/quota model like existing Allstate reqs, P&C license within 30 days OK"
Not disclosed (national insurance provider),Remote Insurance Policy Support Specialist (CA-tagged),insurance,WebSearch,https://www.jobleads.com/us/job/remote-insurance-policy-support-specialist--california--e55ee9eb50eda164d685b1ec8294c52a0,caution,unknown,unknown,New,2026-09-25,,"Long shot - support/specialist tier below producer/AM target, requires FL 2-20 license despite CA tag"
Teachable,Data Analyst,analyst,WebSearch,https://outerjoin.us/remote-jobs/data-analyst-at-teachable,yes,W2,"$60,000-$70,000",New,2026-09-25,,Strong match - reports to BI Manager building dashboards with SQL+BI tools+Python matches Baylis Medical scope
Corvus Insurance,Business Intelligence Analyst,analyst,WebSearch,https://outerjoin.us/remote-jobs/business-intelligence-analyst-at-corvus-insurance,yes,unknown,unknown,New,2026-09-25,,Strong match - insurance-domain BI role combines both BrokerLink and Baylis Medical background
TensorOps,Entry Level Data Scientist (Junior Data Analyst scope),analyst,WebSearch,https://job-boards.greenhouse.io/tensorops/jobs/4645597101,yes,unknown,unknown,New,2026-09-25,,"Possible match - entry-level AI-model analysis role, title inconsistent across boards, verify actual scope"
CroX,Junior Data Analyst (AgTech & Sustainability),analyst,WebSearch,https://himalayas.app/companies/crox/jobs/junior-data-analyst-m-f-d-agtech-sustainability,caution,unknown,"$40,000-$45,000",New,2026-09-25,,"Possible match - hands-on dashboard/ETL ownership, posting says remote but allows hybrid on <5 person team, verify"
Health Union,Business Intelligence Analyst,analyst,WebSearch,https://outerjoin.us/remote-jobs/business-intelligence-analyst-at-health-union,yes,unknown,unknown,New,2026-09-25,,"Possible match - Philadelphia or remote explicitly, Looker ownership extends Power BI/Tableau background"
Kit Check,Data Analyst,analyst,WebSearch,https://builtin.com/job/data/data-analyst-remote/491665,yes,unknown,unknown,New,2026-09-25,,"Possible match - remote continental US, healthcare data pipeline work combines software and reporting background"
Phiture,Data Analyst,analyst,WebSearch,https://jobgether.com/offer/695bcb2f2b723d71f725d486-data-analyst-m-f-d,yes,unknown,unknown,New,2026-09-25,,"Possible match - client-facing analytics, wants 2-3 yrs experience which is a stretch above current tenure"
Meds,Entry Level Data Analyst,analyst,WebSearch,https://jobs.lever.co/meds/366be0ea-89b9-4193-a486-a92f3ee4d1d6,yes,unknown,unknown,New,2026-09-25,,"Possible match - explicit entry-level title, SQL/Python dashboard work for subscription growth and churn"
ERG,Entry-Level Occupational Safety and Health Data Analyst,analyst,WebSearch,https://jobs.lever.co/erg/26fdd838-c4ba-4538-825c-c16b36d18fe1,yes,unknown,"$58,000-$70,000",New,2026-09-25,,"Possible match - fully remote, salary above floor, 0-5 yrs range, but MS Office-heavy rather than SQL/BI tools"
OnTheGoSystems,"Data Analyst, AI Translation Quality",analyst,WebSearch,https://weworkremotely.com/remote-jobs/onthegosystems-data-analyst-ai-translation-quality,unknown,unknown,unknown,New,2026-09-25,,"Long shot - niche open-ended AI translation quality domain, remote-US eligibility not fully confirmed"
AHU Technologies,Data Analyst,analyst,WebSearch,https://weworkremotely.com/remote-jobs/ahu-technologies-data-analyst,unknown,unknown,unknown,New,2026-09-25,,"Long shot - wants ""proven experience"" with BI solutions, likely more senior than currently held, IT staffing style posting"
CodeRoad,Data Analyst (Entry Level),analyst,WebSearch,https://job-boards.greenhouse.io/coderoad/jobs/4139217009,unknown,unknown,unknown,New,2026-09-25,,"Long shot - requires 1 yr QA Analyst/Data Auditor/RevOps experience specifically, different entry path than BI/reporting background"
Agency Administrators Inc,Personal Lines Insurance Client Care Representative - Phone Team,insurance,WebSearch,https://www.remoterocketship.com/company/agencyadministrators/jobs/personal-lines-insurance-client-care-representative-phone-team-united-states-remote/,yes,unknown,unknown,New,2026-09-26,,Possible match - phone-based personal lines servicing role not producer/AM tier
Omni Interactions,P&C Licensed Insurance Agent (independent contractor),insurance,WebSearch,https://www.insurancejournal.com/jobs/880765-pc-licensed-insurance-agent,yes,1099,contractor rate not disclosed,New,2026-09-26,,Possible match - gig/contractor-marketplace model (interest pool + skills assessment) not a direct employer; not predatory but indirect placement structure
Trading Academy,Junior Data Analyst,analyst,WebSearch,https://www.workingnomads.com/jobs/junior-data-analyst-trading-academy,yes,unknown,unknown,New,2026-09-26,,Strong match - explicit entry-level weekly KPI reporting SQL/Power BI/Tableau/Python matches Baylis Medical scope
NeueHealth,Business Intelligence Analyst,analyst,WebSearch,https://himalayas.app/companies/neuehealth/jobs/business-intelligence-analyst,yes,unknown,unknown,New,2026-09-26,,Possible match - wants 2+ yrs SQL/analytics plus 1+ yr Power BI slightly above tenure
Southern Glazer's Wine & Spirits,Business Intelligence Analyst (open to remote),analyst,WebSearch,https://himalayas.app/companies/southern-glazer-s-wine-spirits/jobs/business-intelligence-analyst-open-to-remote,caution,unknown,unknown,New,2026-09-26,,"Possible match - Baltimore MD-based ""open to remote"" posting, verify true nationwide eligibility; up to 3 yrs exp wanted"
PetDesk,Remote Junior Data Analyst,analyst,WebSearch,https://remoteok.com/remote-jobs/remote-junior-data-analyst-petdesk-693859,caution,unknown,"$101,000-$128,000 (unusually high for Junior title, verify scope)",New,2026-09-26,,"Possible match - Austin TX tag alongside remote label, verify eligibility; pay band suggests may be mislabeled seniority"
Belong Health,Business Intelligence Analyst,analyst,WebSearch,https://himalayas.app/companies/belong-health/jobs/business-intelligence-analyst-997215086,yes,unknown,unknown,New,2026-09-26,,Long shot - wants 5+ yrs healthcare data analytics/BI experience well above current tenure
Travelers,Sales Executive Personal Lines (Austin TX),insurance,WebSearch,https://careers.travelers.com/job/22450398/sales-executive-personal-lines-austin-tx/,caution,W2,unknown,New,2026-09-27,,"Strong match - Austin TX tag aligns with active TX P&C license rather than against it; verify residency vs employer market designation"
Travelers,Associate Sales Executive Personal Lines (separate req),insurance,WebSearch,https://www.insurancejournal.com/jobs/886082-associate-sales-executive-personal-lines,unknown,unknown,unknown,New,2026-09-27,,"Strong match - Associate title fits entry-level tenure, location not stated in posting summary verify before applying"
One80 Intermediaries,Insurance Underwriting Assistant (Personal Lines),insurance,WebSearch,https://builtin.com/job/insurance-underwriting-assistant-personal-lines/3196842,yes,unknown,unknown,New,2026-09-27,,Possible match - assistant tier below producer/AM but personal lines scope matches background
SimplyIOA,Account Assistant - Personal Lines,insurance,WebSearch,https://builtin.com/job/account-assistant-personal-lines/6687058,yes,unknown,unknown,New,2026-09-27,,Possible match - fully remote assistant-tier personal lines servicing role
CRC Insurance Services,Personal Lines Underwriting Assistant (Florida),insurance,WebSearch,https://builtin.com/job/personal-lines-underwriting-assistant/6323755,caution,unknown,unknown,New,2026-09-27,,"Possible match - FL-tagged listing matches domicile, verify true remote vs in-office; wants 1yr wholesale or 3yr general experience"
Brightway Insurance,Remote Insurance Sales Producer (1099 Contractor Sunrise FL),insurance,WebSearch,https://www.linkedin.com/jobs/view/remote-insurance-sales-producer-1099-contractor-at-brightway-insurance-4341733735,yes,1099,"commission-only, no base stated",New,2026-09-27,,"Long shot - requires active FL 2-20 P&C license, candidate holds only TX license today; not predatory, real commission split"
WAHVE,Personal Lines Account Manager - Insurance - REMOTE,insurance,WebSearch,https://www.insurancejournal.com/jobs/856059-personal-lines-account-manager-insurance-remote,yes,unknown,"$30-45/hr (~$62k-$93k)",New,2026-09-27,,"Long shot - WAHVE targets 25+ yrs experienced/near-retirement professionals per prior market research, poor experience-level fit despite strong pay"
Donegal Insurance Group,Product Line Manager Personal Lines,insurance,WebSearch,https://builtin.com/job/product-line-manager-personal-lines/3055103,yes,unknown,unknown,New,2026-09-27,,"Long shot - product strategy/P&L ownership role, title and seniority mismatch vs producer/AM target"
Chatbooks,Junior Data Analyst,analyst,WebSearch,https://outerjoin.us/remote-jobs/junior-data-analyst-at-chatbooks,yes,unknown,unknown,New,2026-09-27,,Strong match - junior title with SQL and Tableau matches Baylis Medical reporting automation work
Chainlink Labs,Junior Data Analyst,analyst,WebSearch,https://outerjoin.us/remote-jobs/junior-data-analyst-at-chainlink-labs,yes,unknown,unknown,New,2026-09-27,,"Possible match - fully distributed team, junior title fits, blockchain domain new but SQL skills transfer"
Fivetran,"Analyst, GTM Analytics",analyst,WebSearch,https://weworkremotely.com/remote-jobs/fivetran-analyst-gtm-analytics,yes,unknown,unknown,New,2026-09-27,,"Possible match - BI tool experience explicitly not required will train, stakeholder-facing ad hoc reporting matches Baylis Medical scope"
Beamery,Business Intelligence Analyst (Remote),analyst,WebSearch,https://builtin.com/job/data/business-intelligence-analyst/927735,yes,unknown,unknown,New,2026-09-27,,"Long shot - wants experienced analyst building dbt data warehouse models independently, likely above current tenure"
ClinicMind,Junior Data Scientist - Work From Home,analyst,WebSearch,https://himalayas.app/companies/clinicmind/jobs/junior-data-scientist-work-from-home,yes,unknown,unknown,New,2026-09-27,,"Long shot - Data Scientist title likely wants modeling/ML beyond current SQL/BI background, junior level and WFH format otherwise fit"
Not disclosed,Remote Insurance Producer - Uncapped Commission,insurance,WebSearch,https://www.jobleads.com/us/job/remote-insurance-producer-uncapped-commission-fl--town-of-florida--e8fc96da7508287794afbe89b0ba40c44,caution,1099,"commission-only, no base stated",New,2026-09-28,,"Possible match - title tags (FL) but location field reads ""Town of Florida"" which is a real NY town name; verify actual location before assuming FL domicile match"
Not disclosed (Jobot),Personal Lines Producer,insurance,WebSearch,https://jobot.com/details/personal-lines-producer/66c6ee1501,unknown,unknown,unknown,New,2026-09-28,,Possible match - direct producer title on staffing board
Zenith Insurance Partners,Personal Lines Insurance Producer,insurance,WebSearch,https://www.zenithinsurancepartners.com/careers/personal-lines-insurance-producer/,unknown,unknown,unknown,New,2026-09-28,,Possible match - direct employer career page verify remote scope
HUB International,Personal Lines Inside Sales Producer (Remote) (Des Plaines IL-tagged),insurance,WebSearch,https://builtin.com/job/personal-lines-inside-sales-producer-remote/6176650,caution,unknown,unknown,New,2026-09-28,,Possible match - inbound-call model verify residency requirement
Concentrix,Insurance Agent (Licensed Personal Lines P&C) (Lansdale PA-tagged),insurance,WebSearch,https://www.concentrix.com/gfj/insurance-agent-licensed-personal-lines-p-c-remote-lansdale-pa-6ab51b63712f2a03fcf45ae5,caution,W2,unknown,New,2026-09-28,,"Possible match - separate req from existing Concentrix bilingual health rep listing, verify remote eligibility outside PA"
Allstate,Licensed Insurance Sales Representative (Remote/Home-Based) (Phoenix AZ-tagged),insurance,WebSearch,https://jobs.insurancejobs.com/job/licensed-insurance-sales-representative-remote-home-based/84601159/,caution,W2,unknown,New,2026-09-28,,Long shot - recurring Allstate call-center req template already well represented in pipeline
MailerLite,Data Analyst,analyst,WebSearch,https://weworkremotely.com/remote-jobs/mailerlite-data-analyst-1,yes,unknown,unknown,New,2026-09-28,,Possible match - ad hoc analytics for Product and Marketing matches Baylis Medical stakeholder reporting
Granicus,Data Insights Analyst,analyst,WebSearch,https://outerjoin.us/remote-jobs/data-insights-analyst-at-granicus,yes,unknown,"$75k-$93k (est., based on similar Granicus role)",New,2026-09-28,,Possible match - remote-first company combines data analysis with stakeholder communication
Our World in Data (Global Change Data Lab),Data Analyst,analyst,WebSearch,https://outerjoin.us/remote-jobs/data-analyst-at-our-world-in-data,caution,unknown,unknown,New,2026-09-28,,"Possible match - remote from anywhere but UK-registered charity, verify US employment eligibility"
DISQO,Data Analyst (US),analyst,WebSearch,https://outerjoin.us/remote-jobs/data-analyst-us-at-disqo,yes,unknown,"~$87,655 (Glassdoor median est.)",New,2026-09-28,,Possible match - explicitly US-tagged remote SQL role wants only 1+ yrs experience
INSPYR Solutions,Sr Data and Reporting Analyst - REMOTE,analyst,WebSearch,https://weworkremotely.com/remote-jobs/inspyr-solutions-sr-data-and-reporting-analyst-remote,yes,contract,$65-75/hr,New,2026-09-28,,"Long shot - Sr title likely wants more experience, but strong hourly rate and candidate meets US work authorization requirement"
Specialty Program Group LLC,"New Business Insurance Producer, Property and Casualty",insurance,WebSearch,https://remotive.com/remote/jobs/sales-business/new-business-insurance-producer-property-and-casualty-1461195,yes,W2,"$70,000-$73,000 + bonus",New,2026-09-29,,Strong match - salary well above floor direct P&C new-business producer title
Kin Insurance,Insurance Sales Representative (4 Day Work Week 100% Remote),insurance,WebSearch,https://builtin.com/job/insurance-sales-representative-4-day-work-week-100-remote/6439640,yes,unknown,OTE starts at $84000,New,2026-09-29,,Strong match - well-known homeowners InsurTech explicitly 100% remote 4-day workweek differentiator
trainwell,Insurance Producer,insurance,WebSearch,https://remotive.com/remote/jobs/sales-business/insurance-producer-4458703,yes,unknown,unknown,New,2026-09-29,,Possible match - base plus commission and bonus verify line of business
Allstate Insurance Agency (Gemmarie Mitsui),Producer / LSP,insurance,WebSearch,https://remotive.com/remote/jobs/sales/producer-lsp-4588673,yes,unknown,unknown,New,2026-09-29,,Possible match - independent Allstate agency producer seat not the recurring captive call-center template verify comp and licensing sponsorship
Sihle Insurance Group Inc,Personal or Commercial Insurance Sales Producer,insurance,WebSearch,https://remotive.com/remote/jobs/sales/personal-or-commercial-insurance-sales-producer-5147372,yes,unknown,unknown,New,2026-09-29,,Possible match - explicitly open to personal lines production verify book split
Brightway Insurance,Insurance Producer (part-time Miami Lakes FL),insurance,WebSearch,https://remotive.com/remote/jobs/sales/insurance-producer-5255141,yes,unknown,unknown,New,2026-09-29,,"Possible match - FL agency matches domicile part-time separate req from existing Brightway 1099 contractor listing"
AAA - The Auto Club Group,Licensed Insurance and Membership Sales Agent,insurance,WebSearch,https://remotive.com/remote/jobs/sales-business/licensed-insurance-and-membership-sales-agent-3812082,yes,unknown,unknown,New,2026-09-29,,Possible match - large established auto insurer verify multi-state licensing support
Qualfon,Property & Casualty Insurance Licensing Program,insurance,WebSearch,https://remotive.com/remote/jobs/customer-service/property-casualty-insurance-licensing-program-4513662,yes,unknown,unknown,New,2026-09-29,,Possible match - structured licensing-to-production pathway at large BPO similar to existing Foundever/Concentrix roles
YouSet,Personal Lines Insurance Broker,insurance,WebSearch,https://remotive.com/remote/jobs/all-others/personal-lines-insurance-broker-4504802,yes,unknown,unknown,New,2026-09-29,,Possible match - direct personal lines broker title verify employer details smaller company
RemX,Licensed Sales Rep - Property and Casualty Insurance - Remote after 6 weeks of training (Phoenix AZ-tagged),insurance,WebSearch,https://www.jobleads.com/us/job/licensed-sales-rep-property-and-casualty-insurance-remote-after-6-weeks-of-training-phoeni--phoenix--e912be7f7a13ad7838140f880e4e45844,caution,unknown,unknown,New,2026-09-29,,Long shot - requires initial 6-week in-office training in Phoenix before converting to remote verify if negotiable
SynergisticIT (via Jobgether),Data Analyst,analyst,WebSearch,https://himalayas.app/companies/jobgether/jobs/data-analyst-remote,yes,unknown,unknown,New,2026-09-29,,Strong match - explicitly early-career SQL/Python/Excel/Power BI/Tableau toolset match
Inspira Financial,Reporting Analyst (Remote),analyst,WebSearch,https://builtin.com/job/reporting-analyst-remote/10008273,yes,unknown,"$62,000-$89,000",New,2026-09-29,,Strong match - exact title match salary above floor report automation matches Baylis Medical scope
Carrington Holding Company LLC,REMOTE Default Reporting and Analytics Analyst,analyst,WebSearch,https://builtin.com/job/remote-default-reporting-and-analytics-analyst/10282502,yes,unknown,"$65,000-$80,000",New,2026-09-29,,Possible match - salary above floor mortgage servicing domain new but data validation/root-cause skills transfer
Prime Therapeutics,Data & Reporting Analyst - REMOTE,analyst,WebSearch,https://builtin.com/job/data-reporting-analyst-remote/7504042,caution,unknown,"$59,000-$94,000",New,2026-09-29,,"Possible match - posting says ""Home PA in-office or remote"" verify true remote eligibility"
DCX,Remote Home-Based Marketing Data Analyst,analyst,WebSearch,https://weworkremotely.com/remote-jobs/dcx-home-based-marketing-data-analyst,yes,unknown,unknown,New,2026-09-29,,Possible match - marketing performance reporting and visualization overlaps with dashboard background new functional domain
SimplePractice,Data Analyst (Remote US),analyst,WebSearch,https://himalayas.app/companies/simplepractice/jobs/data-analyst-remote-us,yes,unknown,"$155,000-$190,000 (listed as entry-level, pay band suggests error or senior scope)",New,2026-09-29,,"Long shot - pay band far above entry-level title, likely listing error or senior scope, similar to Fractal flag"
Prime Therapeutics,Sr Data and Reporting Analyst - Remote,analyst,WebSearch,https://builtin.com/job/sr-data-and-reporting-analyst-remote/4338146,caution,unknown,"$81,000-$138,000",New,2026-09-29,,Long shot - Sr title wants more years than current tenure same in-office-or-remote caution as sibling req
Inspira Financial,Call Center Sr. Reporting Analyst (Remote),analyst,WebSearch,https://builtin.com/job/sr-reporting-analyst-remote/4296724,yes,unknown,unknown,New,2026-09-29,,Long shot - Sr title likely wants more call-center-specific experience apply to sibling Reporting Analyst req first
AHU Technologies,Data Analyst / Curam,analyst,WebSearch,https://weworkremotely.com/remote-jobs/ahu-technologies-data-analyst-curam,unknown,unknown,unknown,New,2026-09-29,,Long shot - IT staffing posting minimal detail niche Curam platform not on resume verify end client
Jerry,Licensed Insurance Sales Agent (100% Remote),insurance,WebSearch,https://himalayas.app/companies/jerry/jobs/licensed-insurance-sales-agent-100-remote-5925584612,yes,W2,"$19-21/hr base + uncapped commission, OTE $100k-150k",New,2026-09-30,,Strong match - inbound personal auto/home sales employer pays for P&C license candidate already TX-licensed
INNOPAY,"Account Executive, Personal Lines Insurance",insurance,WebSearch,https://jobgether.com/offer/6986336192425699427729ca-account-executive---personal-lines-insurance,yes,unknown,"$54,700-$101,900",New,2026-09-30,,Strong match - HNW motorsports/collector-vehicle book P&C license required salary well above floor
Darwin,"Personal Lines, Account Executive",insurance,WebSearch,https://jobgether.com/offer/69dedc3ac646310ee38eb8ed-personal-lines-account-executive,yes,unknown,unknown,New,2026-09-30,,"Possible match - same HNW motorsports/collector-vehicle scope as INNOPAY listing found same day verify not duplicate req"
Trucordia,"Producer, Personal Lines (Virtual/Travel)",insurance,WebSearch,https://www.theladders.com/job/producer-personal-lines-trucordia-virtual-travel_87854688,yes,unknown,"$50,000-$250,000 (draw against commission)",New,2026-09-30,,"Possible match - wants 2-5 yrs exp vs ~1 held bilingual Spanish/Portuguese highly preferred not required separate req from other Trucordia listings in pipeline"
WEX,Entry-Level Sales Operations Business Intelligence Analyst,analyst,WebSearch,https://himalayas.app/companies/wex/jobs/business-intelligence-analyst-1,yes,unknown,"$53,000-$70,000",New,2026-09-30,,Strong match - explicitly entry-level sales-ops BI scope matches Baylis Medical trend analysis and dashboard work
The Athletic,Data Analyst,analyst,WebSearch,https://himalayas.app/companies/the-athletic/jobs/data-analyst,yes,unknown,"$85,000-$95,000 (tagged entry-level, verify actual level given pay band)",New,2026-09-30,,Strong match - NYT-owned media brand fully remote verify level given pay band runs high for entry-level tag
Datafied,Junior Data Analyst,analyst,WebSearch,https://www.remoterocketship.com/company/datafied/jobs/junior-data-analyst-united-states-remote/,yes,unknown,unknown,New,2026-09-30,,"Possible match - no degree required listing ties to CA/TX alongside remote verify nationwide eligibility"
SynergisticIT,Tableau/Power BI Developer (Remote),analyst,WebSearch,https://jobgether.com/offer/6965f51b96ae97ba4ad121e6-tableau-power-bi-developer---remote,yes,unknown,unknown,New,2026-09-30,,"Possible match - separate req from existing SynergisticIT Data Analyst listing Gen AI/ML familiarity preference is a stretch"
Anagenex,Junior Data Analyst,analyst,WebSearch,https://www.remoterocketship.com/company/anagenex-3/jobs/remote-junior-data-analyst-united-states,yes,unknown,unknown,New,2026-09-30,,"Long shot - wants 2+ yrs exp vs ~1 held New Jersey tagged alongside remote verify eligibility"
Oowlish Technology,Business Intelligence Analyst,analyst,WebSearch,https://himalayas.app/companies/oowlish-technology/jobs/business-intelligence-analyst,caution,unknown,unknown,New,2026-09-30,,"Long shot - Brazil-headquartered dev/staffing shop verify legitimate US employment structure and comp before applying"
Liberty Mutual,Remote Inside Sales Representative (Inbound P&C),insurance,WebSearch,https://www.insurancepond.com/job/1003195/remote-inside-sales-representative/,yes,W2,"$45,000 base + commission, avg total $55k-$75k, top performers $85k+",New,2026-10-01,,Strong match - FL residency requirement matches candidate domicile; separate req from existing Liberty Mutual CSR listing
Allstate Financial Services LLC,Licensed Insurance Producer,insurance,WebSearch,https://www.remoterocketship.com/us/company/allstate-financial-services-llc/jobs/licensed-insurance-producer-united-states-remote/,yes,unknown,"$85,000 minimum stated",New,2026-10-01,,Strong match - distinct financial-services/broker-dealer entity not the recurring Allstate call-center template; likely life/annuity leaning fits dual P&C and Life/Health licensing
Relation Insurance Services,"Account Manager, Small Business Unit - Personal Lines",insurance,WebSearch,https://jobgether.com/offer/69d3edbaaba5fafceefe5cba-account-manager-small-business-unit---personal-lines,yes,unknown,unknown,New,2026-10-01,,Possible match - personal lines book servicing despite Small Business Unit team name in title
GBS Benefits Inc,Remote Personal Account Manager,insurance,WebSearch,https://jobgether.com/offer/6a0630fd5a8ef7f700e9e97b-remote-personal-account-manager,yes,unknown,unknown,New,2026-10-01,,Possible match - direct personal lines account management title fully remote
Premier Marketing LLC (Integrity Marketing Group),Independent Insurance Broker,insurance,WebSearch,https://www.jobleads.com/us/job/independent-insurance-broker--united-states--e46eaaf56755ac3ba3a7ead8b8e65aaaf,yes,1099,"commission-only, no base stated",New,2026-10-01,,"Possible match - large established IMO with training/mentorship/back-office support, not predatory per listing; verify no upfront costs before applying"
Renew Partners,Remote P&C Insurance Sales Producer,insurance,WebSearch,"https://www.ziprecruiter.com/c/Renew-Partners/Job/Remote-P&C-Insurance-Sales-Producer/-in-Remote,US?jid=2497674bb4f1f604",caution,unknown,unknown,New,2026-10-01,,"Long shot - Montville OH tag vs Remote US URL slug conflict verify eligibility; wants outbound business-owner hunter experience not just inbound personal lines"
Hilb Group,Personal Lines Account Manager (NY - second req),insurance,WebSearch,https://jobgether.com/offer/69a4781a7f0cfae7f124f126-personal-lines-account-manager,yes,unknown,"$165,000-$175,000",New,2026-10-01,,"Long shot - pay band far above typical PL AM comp, likely listing error or senior/leadership scope mislabeled, similar to prior Fractal/SimplePractice pay-band flags"
Recidiviz,Data Analyst (Entry-Level),analyst,WebSearch,https://job-boards.greenhouse.io/recidiviz/jobs/4717510006,yes,W2,"$85,000",New,2026-10-01,,Strong match - explicitly entry-level 6+ months experience criminal justice data nonprofit
DataKind,Data Analyst (Remote),analyst,WebSearch,https://job-boards.greenhouse.io/datakindinc/jobs/6096056003,yes,W2,"$89,000-$99,000",New,2026-10-01,,Strong match - 1-3 yrs experience required with 1+ yr data analysis matches tenure Python/SQL emphasis
OpenX,Business Intelligence Data Analyst,analyst,WebSearch,https://builtin.com/job/business-intelligence-data-analyst/9246907,yes,W2,"$93,500-$110,000",New,2026-10-01,,Strong match - 1-3 yrs BI/finance/strategic-planning experience required strong SQL emphasis matches tenure and toolset
Cranial Technologies,Business Data Analyst (Remote),analyst,WebSearch,https://job-boards.greenhouse.io/cranialtechnologies/jobs/8324736002,yes,unknown,unknown,New,2026-10-01,,Possible match - 1-4 yrs experience Power BI and advanced Excel matches Baylis Medical dashboard work
StackAdapt,"Data Analyst, Business Intelligence",analyst,WebSearch,https://job-boards.greenhouse.io/stackadapt/jobs/4273943009,yes,unknown,unknown,New,2026-10-01,,Possible match - adtech BI role SQL and stakeholder reporting scope experience bar unconfirmed
Free2move,Data Analyst Junior (Remote or Onsite),analyst,WebSearch,https://himalayas.app/companies/free2move/jobs/data-analyst-junior-remote-or-onsite,caution,unknown,unknown,New,2026-10-01,,Possible match - junior title fits tenure but posting explicitly offers remote or onsite verify remote option before applying
The Oakleaf Group,Tableau Developer (contract),analyst,WebSearch,https://www.remoterocketship.com/company/oakleaf/jobs/tableau-developer-united-states,yes,contract,"$60-$80/hr",New,2026-10-01,,Long shot - strong hourly rate and direct Tableau match but contract/1099 deprioritized per analyst track preference
EP Wealth Advisors,Data & Analytics Associate (Remote),analyst,WebSearch,https://jobgether.com/offer/69ad33a724d79271eefeb7c7-data-analytics-associate---remote,yes,unknown,"$100,000-$125,000",New,2026-10-01,,Long shot - wants 5+ yrs experience well above tenure but budgeting/forecasting scope matches Baylis Medical financial modeling background
Roamly,Insurance Account Executive (Remote US),insurance,WebSearch,https://jobs.workable.com/view/ug6DQUbhMAtqVi8zbHi4rz/insurance-account-executive-(remote)-in-austin-at-roamly,yes,W2,"OTE $110,000-$150,000 uncapped commission",New,2026-10-02,,"Strong match - P&C license preferred not required quote-to-bind homeowners/auto/RV sales matches BrokerLink producer motion"
SmartFinancial,P&C Insurance Sales Agent (Remote),insurance,WebSearch,https://builtin.com/job/sales/pc-insurance-sales-agent/979642,yes,unknown,"~$61k-62k avg per employer data, uncapped upside",New,2026-10-02,,Possible match - warm/exclusive-lead consultative sales model eastern-time schedule fits FL domicile
Gallagher,Personal Lines Client Service Manager,insurance,WebSearch,https://remotive.com/remote/jobs/customer-service/personal-lines-client-service-manager-4437907,caution,unknown,"$40k-$78k (reported range across postings)",New,2026-10-02,,"Possible match - Gallagher runs this req across multiple state-tagged locations (TX/NJ/IA seen), verify this posting's remote scope; Producer license and Applied Epic match"
One80 Intermediaries,Insurance Representative - Personal Lines (Remote),insurance,WebSearch,https://jobgether.com/offer/69d4a4caaba5fafceeffa934-insurance-representative---personal-lines-remote,caution,unknown,unknown,New,2026-10-02,,"Long shot - eligible states listed as CT/MD/MA/NJ/NY/PA/VA/WV, does not include FL or TX; wants 2-5 yrs vs ~1 held"
Pearl Insurance (One80 Intermediaries subsidiary),Policy Review Specialist - Personal Lines (Remote in NY),insurance,WebSearch,https://jobgether.com/offer/6a0defbccc7b72676990067f-policy-review-specialist---personal-lines-remote-in-ny,caution,unknown,unknown,New,2026-10-02,,"Long shot - requires current NYS P&C/Personal Lines license, candidate holds only TX; would need non-resident NY licensing"
Remote.com,People Data Analyst,analyst,WebSearch,https://job-boards.greenhouse.io/remotecom/jobs/6309651003,yes,W2,unknown,New,2026-10-02,,"Strong match - second open req at Remote.com, a fully distributed remote-first employer already matched well via existing Junior Data Analyst listing"
LTK USA,Data Analyst,analyst,WebSearch,https://job-boards.greenhouse.io/shopltk/jobs/7671051003,yes,unknown,"~$73k-118k (est.)",New,2026-10-02,,"Possible match - remote-first Insights & Analytics team, wants 2+ yrs vs ~1-2 held, SQL-driven stakeholder reporting matches Baylis Medical scope"
California FAIR Plan Association,Statistical Reporting Analyst (Remote),analyst,WebSearch,https://builtin.com/job/statistical-reporting-analyst-remote/6371436,caution,unknown,unknown,New,2026-10-02,,"Possible match - rare crossover of insurance domain fluency and statistical/regulatory reporting, CA-focused insurer verify nationwide remote eligibility"
Hotel Engine,Revenue Operations Data & Reporting Analyst,analyst,WebSearch,https://builtin.com/job/data/revenue-operations-data-reporting-analyst/1361888,yes,unknown,unknown,New,2026-10-02,,Possible match - nationwide remote financial modeling and variance reporting matches Baylis Medical budgeting/forecasting work
LanceSoft Inc,Junior Data Analyst (Contract NO C2C),analyst,WebSearch,https://www.dice.com/job-detail/a9daad5d-203f-40df-b4fc-75ed6c35fd2d,yes,contract,"$35-36/hr (12-month W2 contract)",New,2026-10-02,,Possible match - deprioritized per analyst-track contract preference; Excel/reporting-heavy scope matches regulated-data background
Futuremindz LLC,Junior Data Analyst,analyst,WebSearch,https://www.dice.com/job-detail/6b6da431-f6fd-439e-9dc9-0a6f1b6283c7,caution,contract,"$40-50/hr, 0-3 yrs exp",New,2026-10-02,,"Possible match - posting says ""Remote or Boston MA"", verify fully-remote option before applying"
Remote.com,Finance Systems Data Analyst,analyst,WebSearch,https://job-boards.greenhouse.io/remotecom/jobs/7547120003,yes,unknown,unknown,New,2026-10-02,,Long shot - wants SAP FI/CO and dbt/Snowflake pipeline experience not on resume today
Black Crow AI,Data Analyst,analyst,WebSearch,https://outerjoin.us/remote-jobs/data-analyst-at-black-crow-ai,yes,unknown,unknown,New,2026-10-02,,Long shot - wants 3+ yrs data analysis experience in tech/online industries above current tenure
Farmers Insurance,Remote Sales Producer,insurance,WebSearch,https://jobgether.com/offer/69f10b23c646310ee39dcead-farmers-insurance-remote-sales-producer,yes,unknown,unknown,New,2026-10-03,,Strong match - TX-scoped junior (1-2yr) role matches active TX P&C license directly
K2 Insurance Services LLC (Aegis General),Remote Product Analyst (Personal Lines experience required),insurance,WebSearch,https://weworkremotely.com/remote-jobs/k2-insurance-services-llc-product-analyst-remote-personal-lines-experience-required,yes,unknown,unknown,New,2026-10-03,,Strong match - rare crossover role wanting personal lines experience plus analytical ability combines both resumes
Hilb Group,Producer,insurance,WebSearch,https://builtin.com/job/producer/10210194,yes,unknown,unknown,New,2026-10-03,,Strong match - direct producer title with licensing support within 90 days separate req from existing Hilb Group AM listings
Farmers Mutual Hail Insurance,Insurance Producer (Independent Contractor),insurance,WebSearch,https://jobgether.com/offer/6a3df2682da8cde35c744686-insurance-producer-independent-contractor,yes,1099,"commission-only, no base stated",New,2026-10-03,,Possible match - legitimate established crop/hail insurer not pay-to-play nationwide 1099 production role
Kicker Insurance Services,Insurance Sales Producer,insurance,WebSearch,https://www.insurancejournal.com/jobs/882547-insurance-sales-producer-12,unknown,unknown,unknown,New,2026-10-03,,Possible match - direct prospect-quote-close producer title verify remote tag on posting
Oakbridge Insurance,Producer,insurance,WebSearch,https://www.insurancejournal.com/jobs/887658-producer-9,unknown,unknown,unknown,New,2026-10-03,,Possible match - direct producer title verify remote tag on posting
Evertree Insurance,Sales Agent,insurance,WebSearch,https://www.insurancejournal.com/jobs/886584-sales-agent,unknown,unknown,unknown,New,2026-10-03,,Possible match - explicitly framed as personal lines career-building role verify remote tag on posting
Lenox Advisors,Personal Lines-PCG Account Executive (Southampton NY or Remote),insurance,WebSearch,https://workopia.io/jobs/e44a178ebcaa1071844bcce6c188a5db,caution,unknown,unknown,New,2026-10-03,,Possible match - HNW private-client-group book verify true remote eligibility given NY-or-remote framing
Smart Choice Partners,Personal Lines Account Manager (Boca Raton FL remote),insurance,WebSearch,unrecovered,caution,unknown,"$45,000-$60,000",New,2026-10-03,,"Long shot - requires active FL license (440/220/20-44), candidate holds only TX; strong pay and inbound volume otherwise fits, no stable direct URL recovered from iHireInsurance"
SafeLease,"Account Executive, P&C Insurance",insurance,WebSearch,https://jobs.ashbyhq.com/safelease/51c95d27-433f-442a-9f5c-f07c08c16d66,caution,W2,"$50,000-$120,000",New,2026-10-03,,"Long shot - wants 5+ yrs P&C sales experience vs ~1 held, remote with Austin TX hybrid option mentioned"
Orchard,Business Intelligence Analyst,analyst,WebSearch,https://outerjoin.us/remote-jobs/business-intelligence-analyst-at-orchard,yes,unknown,unknown,New,2026-10-03,,Strong match - 1-4 yrs BI/analytics bar matches tenure multi-state remote list includes FL and TX
The Motley Fool,Business Intelligence Analyst for Global,analyst,WebSearch,https://outerjoin.us/remote-jobs/business-intelligence-analyst-for-global-at-the-motley-fool,yes,unknown,unknown,New,2026-10-03,,Strong match - fully remote for US residents FL explicitly listed among preferred states matching domicile
LetsGetChecked,Junior Business Intelligence Analyst,analyst,WebSearch,https://job-boards.greenhouse.io/letsgetchecked/jobs/4805740101,yes,unknown,unknown,New,2026-10-03,,Strong match - junior title 1+ yr BI/reporting bar SQL and Python emphasis matches tenure and toolset
Renaissance Learning,Entry-level Business Intelligence Analyst,analyst,WebSearch,https://job-boards.greenhouse.io/renaissancelearning-nam/jobs/5228352008,yes,unknown,unknown,New,2026-10-03,,Strong match - explicit entry-level framing analytics-engineering and AI-enablement angle
Remote.com,Treasury Business Intelligence Analyst,analyst,WebSearch,https://job-boards.greenhouse.io/remotecom/jobs/6496553003,yes,W2,unknown,New,2026-10-03,,Possible match - fourth open req at proven fully-distributed employer finance-adjacent scope matches Baylis Medical forecasting background
Doximity,"Data Analyst, Business Intelligence",analyst,WebSearch,https://job-boards.greenhouse.io/doximity/jobs/7787454,caution,unknown,unknown,New,2026-10-03,,"Possible match - stakeholder-facing BI scope matches background, posting says SF or Remote US verify dual option"
MCG Health,Business Intelligence Analyst,analyst,WebSearch,https://job-boards.greenhouse.io/mcghealth/jobs/8367469002,yes,unknown,"$84,000-$118,000",New,2026-10-03,,Possible match - healthcare-adjacent domain from Baylis Medical transfers but pay band suggests more senior bar
Brave Thinking Institute,Business Intelligence Analyst,analyst,WebSearch,https://outerjoin.us/remote-jobs/business-intelligence-analyst-at-brave-thinking-institute,caution,unknown,unknown,New,2026-10-03,,"Long shot - Rancho Santa Margarita CA location listed, remote scope unclear"
Procore,Senior Business Intelligence Analyst,analyst,WebSearch,https://outerjoin.us/remote-jobs/senior-business-intelligence-analyst-at-procore,caution,unknown,unknown,New,2026-10-03,,"Long shot - Senior title likely wants more tenure than held, dual option any US location or Carpinteria/Austin office"
